epoch,time,train/box_loss,train/cls_loss,train/dfl_loss,metrics/precision(B),metrics/recall(B),metrics/mAP50(B),metrics/mAP50-95(B),val/box_loss,val/cls_loss,val/dfl_loss,lr/pg0,lr/pg1,lr/pg2
1,24.0325,1.05667,3.15586,1.31111,0.00607,0.90774,0.37656,0.20067,0.98399,3.39437,1.17747,0.00011669,0.00011669,0.00011669
2,42.4522,0.9788,2.26713,1.22611,0.00603,0.90476,0.53972,0.35913,0.95664,3.10996,1.13411,0.000245099,0.000245099,0.000245099
3,58.0482,0.87307,1.64141,1.13891,1,0.36537,0.70931,0.5248,0.98189,2.83067,1.13557,0.000368227,0.000368227,0.000368227
4,74.2946,0.85135,1.42762,1.09671,0.89799,0.32018,0.72171,0.49294,1.07452,2.84607,1.16635,0.000486074,0.000486074,0.000486074
5,89.5186,0.86371,1.35567,1.10279,0.97335,0.60304,0.76062,0.5705,1.12391,2.63022,1.18168,0.00059864,0.00059864,0.00059864
6,104.465,0.92435,1.28265,1.10212,0.84228,0.49733,0.72301,0.49851,1.23348,2.66171,1.29213,0.000705924,0.000705924,0.000705924
7,119.311,0.88656,1.20177,1.0904,0.91926,0.55423,0.73641,0.5328,1.07926,2.69683,1.21002,0.000807928,0.000807928,0.000807928
8,134.45,0.89952,1.23158,1.12461,0.83053,0.5744,0.68069,0.46393,1.14412,2.67973,1.28654,0.000904651,0.000904651,0.000904651
9,149.413,0.83564,1.11799,1.06218,0.95643,0.66229,0.70899,0.5316,1.05318,2.23167,1.21157,0.000996093,0.000996093,0.000996093
10,164.111,0.83951,1.06554,1.0641,0.83155,0.65179,0.71779,0.55667,1.00752,2.20188,1.18314,0.00108225,0.00108225,0.00108225
11,178.916,0.86669,1.09229,1.0996,0.85004,0.70576,0.73759,0.5281,1.06845,2.07469,1.19677,0.00116313,0.00116313,0.00116313
12,193.633,0.8262,1.06233,1.07995,0.8618,0.64548,0.75636,0.50417,1.158,1.99847,1.26851,0.00123873,0.00123873,0.00123873
13,208.27,0.82422,1.04068,1.07674,0.79974,0.77334,0.7922,0.55125,1.07709,1.85898,1.22403,0.00127092,0.00127092,0.00127092
14,222.692,0.80227,1.00592,1.05685,0.76445,0.75,0.77129,0.57474,1.06938,1.84449,1.249,0.00123791,0.00123791,0.00123791
15,237.403,0.80715,0.98546,1.07046,0.87487,0.72047,0.80924,0.58645,1.04092,1.72548,1.25851,0.00120491,0.00120491,0.00120491
16,251.46,0.76972,0.94283,1.04232,0.92934,0.71331,0.79735,0.56987,1.09281,1.63672,1.3004,0.0011719,0.0011719,0.0011719
17,266.189,0.78049,0.92166,1.04502,0.76677,0.76586,0.78238,0.58494,1.02735,1.59945,1.26636,0.00113889,0.00113889,0.00113889
18,280.356,0.76839,0.92732,1.044,0.90543,0.72326,0.77425,0.59412,1.0607,1.6983,1.2779,0.00110589,0.00110589,0.00110589
19,294.498,0.77197,0.92333,1.02096,0.90466,0.73317,0.79763,0.57873,1.05669,1.65491,1.28893,0.00107288,0.00107288,0.00107288
20,308.572,0.75949,0.85937,1.02281,0.85705,0.79508,0.85008,0.6388,0.97737,1.3048,1.19628,0.00103987,0.00103987,0.00103987
21,322.718,0.79781,0.9263,1.0813,0.92736,0.83311,0.88075,0.64389,1.03322,1.19102,1.21481,0.00100687,0.00100687,0.00100687
22,336.877,0.72194,0.83819,1.01524,0.90564,0.77976,0.85898,0.64773,1.01299,1.36122,1.17248,0.000973861,0.000973861,0.000973861
23,351.01,0.76548,0.84934,1.06047,0.93838,0.8168,0.87001,0.68004,0.94531,1.26723,1.12637,0.000940855,0.000940855,0.000940855
24,365.085,0.72149,0.86053,1.02743,0.92178,0.79111,0.86769,0.66688,0.92526,1.23929,1.11474,0.000907848,0.000907848,0.000907848
25,379.428,0.71504,0.81905,1.01956,0.93492,0.80937,0.89488,0.66011,0.99344,1.23128,1.17688,0.000874842,0.000874842,0.000874842
26,394.059,0.73669,0.83438,1.04869,0.90861,0.84635,0.90133,0.64774,1.03429,1.15394,1.21204,0.000841835,0.000841835,0.000841835
27,408.615,0.76462,0.82484,1.05659,0.97529,0.84524,0.90437,0.67882,0.94839,1.04685,1.15918,0.000808828,0.000808828,0.000808828
28,422.75,0.65249,0.74715,0.97615,0.97112,0.84524,0.91355,0.71012,0.88343,0.99774,1.12747,0.000775822,0.000775822,0.000775822
29,436.896,0.67805,0.76206,1.00071,0.97495,0.86905,0.92762,0.69113,0.94927,1.04731,1.15457,0.000742815,0.000742815,0.000742815
30,450.98,0.6795,0.75444,0.99108,0.93262,0.88095,0.92696,0.69498,0.9144,1.01269,1.14448,0.000709809,0.000709809,0.000709809
31,464.932,0.67547,0.73517,1.00411,0.903,0.88095,0.91479,0.69475,0.90788,1.0134,1.15363,0.000676802,0.000676802,0.000676802
32,479.014,0.64198,0.70868,0.9927,0.962,0.84067,0.9243,0.71252,0.85016,0.92184,1.13319,0.000643795,0.000643795,0.000643795
33,493.109,0.62667,0.67939,0.9619,0.91309,0.85673,0.92247,0.70894,0.83801,0.90959,1.10775,0.000610789,0.000610789,0.000610789
34,507.155,0.63371,0.66049,0.97752,0.90823,0.83175,0.90819,0.70718,0.81726,0.93648,1.09106,0.000577782,0.000577782,0.000577782
35,521.206,0.63418,0.67665,0.97147,0.95346,0.81706,0.92025,0.71496,0.80497,0.91124,1.08766,0.000544776,0.000544776,0.000544776
36,535.239,0.60298,0.64191,0.96874,0.932,0.86063,0.93437,0.7326,0.80213,0.87046,1.07747,0.000511769,0.000511769,0.000511769
37,549.431,0.61015,0.6363,0.95784,0.93719,0.89922,0.93401,0.73485,0.83085,0.85653,1.08942,0.000478762,0.000478762,0.000478762
38,563.422,0.57847,0.61191,0.95244,0.92541,0.86905,0.9215,0.71943,0.83789,0.87914,1.0913,0.000445756,0.000445756,0.000445756
39,577.49,0.58511,0.60628,0.93469,0.96662,0.84455,0.91369,0.72234,0.81343,0.86611,1.08117,0.000412749,0.000412749,0.000412749
40,591.5,0.5711,0.60176,0.95484,0.96545,0.84466,0.91908,0.71771,0.80544,0.85964,1.07408,0.000379743,0.000379743,0.000379743
41,605.453,0.54825,0.72448,0.93057,0.94917,0.85547,0.91731,0.70855,0.83944,0.91563,1.07282,0.000346736,0.000346736,0.000346736
42,619.423,0.5178,0.64416,0.87164,0.93522,0.84468,0.9132,0.71726,0.85187,1.00234,1.08272,0.000313729,0.000313729,0.000313729
43,633.144,0.52092,0.67657,0.88757,0.93729,0.85714,0.91738,0.71736,0.8039,0.9806,1.06753,0.000280723,0.000280723,0.000280723
44,646.951,0.46857,0.62877,0.87733,0.93096,0.89286,0.92336,0.72711,0.80403,0.89386,1.0634,0.000247716,0.000247716,0.000247716
45,660.772,0.50562,0.62358,0.88681,0.93768,0.89286,0.91962,0.72824,0.80264,0.86005,1.05935,0.00021471,0.00021471,0.00021471
46,674.591,0.481,0.6052,0.88579,0.93796,0.89286,0.92057,0.73172,0.78294,0.83676,1.04694,0.000181703,0.000181703,0.000181703
47,688.38,0.45525,0.5772,0.86878,0.93784,0.89286,0.92015,0.74191,0.77804,0.84098,1.04213,0.000148696,0.000148696,0.000148696
48,702.223,0.47052,0.59799,0.87108,0.92611,0.89286,0.91534,0.74787,0.76099,0.8329,1.03847,0.00011569,0.00011569,0.00011569
49,716.117,0.44178,0.56505,0.85738,0.92738,0.89286,0.91561,0.74163,0.76964,0.8248,1.03998,8.26832e-05,8.26832e-05,8.26832e-05
50,730.42,0.44642,0.57379,0.84875,0.92889,0.89286,0.92233,0.73844,0.77229,0.81673,1.04108,4.96766e-05,4.96766e-05,4.96766e-05
